{"mean": [3.6655, 17.7555, 83.452, 80.332, 81.3365, 79.995, 79.5815, 81.2775, 80.888, 80.98035714285714], "std": [2.6286136555226216, 12.126570815774755, 13.22159960065347, 12.73286205061533, 12.536317950259559, 12.774700583575335, 13.718759337126663, 12.024079746492037, 11.634795056209628, 6.040713219395504], "columns": ["absence_days", "weekly_self_study_hours", "math_score", "history_score", "physics_score", "chemistry_score", "biology_score", "english_score", "geography_score", "average_score"]}